location_id,lat,lon,traffic_volume,traffic_source,distance_to_nearest_substation_m,charger_count_nearby,road_density,ev_penetration_proxy
1,53.348754,-6.257607,241.52,DCC_2024_2025,31.6,0,219,0.049
2,53.354711,-6.246679,1540.22,DCC_2024_2025,36.1,0,63,0.049
3,53.351374,-6.250073,833.42,DCC_2024_2025,20.1,0,138,0.049
4,53.361145,-6.240513,289.96,DCC_2024_2025,67.7,0,49,0.049
5,53.355797,-6.292406,769.61,DCC_2024_2025,167.2,1,24,0.049
6,53.334055,-6.245199,952.34,DCC_2024_2025,56.4,3,44,0.049
7,53.336815,-6.249116,818.12,DCC_2024_2025,83.6,4,84,0.049
8,53.333171,-6.243319,918.68,DCC_2024_2025,70.7,3,34,0.049
9,53.361367,-6.242793,1059.56,DCC_2024_2025,144.7,0,50,0.049
10,53.389738,-6.293341,558.69,DCC_2024_2025,124.1,0,32,0.049
11,53.389123,-6.264819,1060.14,DCC_2024_2025,44.3,0,45,0.049
12,53.378896,-6.266859,788.01,DCC_2024_2025,192.7,0,47,0.049
13,53.385948,-6.265175,1110.76,DCC_2024_2025,57.6,0,41,0.049
14,53.337734,-6.219957,398.47,DCC_2024_2025,77.8,0,47,0.049
15,53.385381,-6.233328,614.41,DCC_2024_2025,77.1,0,11,0.049
17,53.348238,-6.254946,914.95,DCC_2024_2025,54.7,1,208,0.049
18,53.360544,-6.269639,1292.1,DCC_2024_2025,96.5,1,53,0.049
19,53.347387,-6.282361,314.21,DCC_2024_2025,29.8,1,111,0.049
20,53.349924,-6.281677,841.78,DCC_2024_2025,26.7,1,78,0.049
21,53.351066,-6.270081,1150.87,DCC_2024_2025,38.9,2,117,0.049
22,53.337855,-6.269147,835.51,DCC_2024_2025,109.7,2,131,0.049
23,53.36116,-6.286128,572.52,DCC_2024_2025,75.2,0,45,0.049
24,53.333634,-6.265036,1696.22,DCC_2024_2025,37.4,1,88,0.049
25,53.332574,-6.264879,954.33,DCC_2024_2025,103.9,1,73,0.049
26,53.345694,-6.267771,1525.4,DCC_2024_2025,55.9,1,116,0.049
27,53.389159,-6.312446,661.1,DCC_2024_2025,169.2,0,12,0.049
29,53.352363,-6.259162,221.35,DCC_2024_2025,47.6,1,122,0.049
30,53.347818,-6.346206,797.56,DCC_2024_2025,82.8,0,32,0.049
31,53.348517,-6.342813,713.72,DCC_2024_2025,41.0,0,31,0.049
32,53.370333,-6.268485,449.99,DCC_2024_2025,66.8,0,50,0.049
33,53.33036,-6.260034,1259.07,DCC_2024_2025,60.7,1,89,0.049
34,53.332815,-6.262535,855.32,DCC_2024_2025,26.4,3,78,0.049
35,53.342592,-6.271838,2498.27,DCC_2024_2025,62.3,1,196,0.049
36,53.350115,-6.274547,1203.47,DCC_2024_2025,70.0,1,101,0.049
37,53.345614,-6.275764,2663.5,DCC_2024_2025,81.9,1,160,0.049
38,53.332234,-6.27523,1325.61,DCC_2024_2025,80.6,0,44,0.049
39,53.341155,-6.250742,680.81,DCC_2024_2025,37.0,1,153,0.049
40,53.362621,-6.252298,872.3,DCC_2024_2025,57.4,0,26,0.049
41,53.360331,-6.20969,952.59,DCC_2024_2025,71.7,0,5,0.049
42,53.342816,-6.316984,1727.8,DCC_2024_2025,87.3,0,43,0.049
43,53.381086,-6.239219,1078.07,DCC_2024_2025,89.1,0,26,0.049
44,53.354362,-6.273197,818.21,DCC_2024_2025,79.9,0,89,0.049
45,53.348296,-6.308363,917.92,DCC_2024_2025,47.2,0,42,0.049
46,53.332043,-6.29348,1031.66,DCC_2024_2025,121.3,1,64,0.049
47,53.33015,-6.298166,1132.38,DCC_2024_2025,70.8,1,46,0.049
48,53.344118,-6.26722,769.91,DCC_2024_2025,45.1,1,149,0.049
49,53.344169,-6.264473,699.57,DCC_2024_2025,54.9,1,140,0.049
50,53.344243,-6.262293,666.72,DCC_2024_2025,43.1,0,155,0.049
51,53.309044,-6.261254,695.62,DCC_2024_2025,84.6,0,17,0.049
52,53.311169,-6.262342,42.15,DCC_2024_2025,210.6,0,20,0.049
53,53.334037,-6.299189,889.65,DCC_2024_2025,63.0,1,70,0.049
54,53.333527,-6.291346,1319.24,DCC_2024_2025,78.6,0,54,0.049
55,53.360709,-6.260336,1494.81,DCC_2024_2025,56.7,0,62,0.049
56,53.352894,-6.268332,1351.47,DCC_2024_2025,37.9,1,165,0.049
57,53.357511,-6.263842,1946.03,DCC_2024_2025,134.7,2,94,0.049
58,53.356051,-6.265229,1299.1,DCC_2024_2025,60.2,2,118,0.049
59,53.359011,-6.261967,2029.19,DCC_2024_2025,79.6,1,85,0.049
60,53.35423,-6.266954,1338.51,DCC_2024_2025,46.5,2,160,0.049
61,53.359794,-6.26129,1990.55,DCC_2024_2025,78.4,1,66,0.049
62,53.324027,-6.328007,1100.79,DCC_2024_2025,28.3,0,23,0.049
63,53.363453,-6.257968,1282.36,DCC_2024_2025,61.1,1,43,0.049
64,53.375821,-6.250366,1538.81,DCC_2024_2025,88.4,0,14,0.049
65,53.373441,-6.252043,1468.59,DCC_2024_2025,120.3,0,16,0.049
66,53.36873,-6.255011,1736.74,DCC_2024_2025,102.3,1,16,0.049
67,53.361724,-6.259479,1649.92,DCC_2024_2025,91.7,0,54,0.049
69,53.384781,-6.143031,726.78,DCC_2024_2025,50.9,0,6,0.049
70,53.333835,-6.258651,499.01,DCC_2024_2025,49.5,2,111,0.049
71,53.339475,-6.321234,865.0,DCC_2024_2025,50.4,0,47,0.049
72,53.362856,-6.236443,1049.48,DCC_2024_2025,72.6,0,50,0.049
73,53.364166,-6.229072,1167.37,DCC_2024_2025,32.4,1,38,0.049
75,53.341081,-6.245322,744.5,DCC_2024_2025,31.8,0,133,0.049
76,53.356808,-6.259113,563.63,DCC_2024_2025,64.6,0,108,0.049
77,53.337287,-6.234683,783.58,DCC_2024_2025,139.2,1,42,0.049
78,53.391108,-6.168162,1218.33,DCC_2024_2025,76.4,0,12,0.049
80,53.374002,-6.243285,816.92,DCC_2024_2025,167.7,0,16,0.049
81,53.329514,-6.275594,1476.02,DCC_2024_2025,91.8,0,34,0.049
82,53.321666,-6.279122,860.97,DCC_2024_2025,155.3,0,25,0.049
83,53.326407,-6.278056,682.57,DCC_2024_2025,56.6,0,26,0.049
84,53.318663,-6.278982,997.82,DCC_2024_2025,74.8,0,25,0.049
85,53.332466,-6.268313,727.39,DCC_2024_2025,100.1,1,71,0.049
86,53.375463,-6.194838,1082.2,DCC_2024_2025,85.0,0,20,0.049
87,53.366125,-6.223561,546.41,DCC_2024_2025,82.8,1,52,0.049
88,53.380397,-6.175107,940.33,DCC_2024_2025,83.4,1,25,0.049
90,53.374061,-6.164585,676.77,DCC_2024_2025,187.5,0,2,0.049
91,53.390196,-6.297819,579.21,DCC_2024_2025,97.4,0,39,0.049
92,53.339589,-6.223328,103.58,DCC_2024_2025,122.3,1,51,0.049
93,53.337924,-6.222511,374.32,DCC_2024_2025,71.7,0,52,0.049
94,53.347604,-6.266148,367.53,DCC_2024_2025,84.0,1,148,0.049
95,53.348808,-6.26667,229.5,DCC_2024_2025,71.3,1,121,0.049
97,53.319471,-6.290559,848.37,DCC_2024_2025,62.0,1,19,0.049
98,53.312298,-6.299664,763.74,DCC_2024_2025,62.8,0,25,0.049
100,53.312564,-6.304897,551.37,DCC_2024_2025,125.9,0,27,0.049
101,53.328482,-6.343767,651.07,DCC_2024_2025,9.4,0,34,0.049
103,53.328222,-6.245889,1115.46,DCC_2024_2025,115.0,0,22,0.049
104,53.331929,-6.252651,1521.97,DCC_2024_2025,62.1,2,65,0.049
105,53.3237,-6.341007,1725.74,DCC_2024_2025,118.5,0,48,0.049
106,53.351264,-6.352942,775.34,DCC_2024_2025,61.7,0,31,0.049
107,53.375512,-6.218754,1678.76,DCC_2024_2025,65.1,0,21,0.049
108,53.368508,-6.22635,1215.64,DCC_2024_2025,99.5,0,37,0.049
109,53.379923,-6.210365,1003.7,DCC_2024_2025,137.4,0,19,0.049
110,53.389413,-6.197583,1570.45,DCC_2024_2025,62.3,0,35,0.049
111,53.320518,-6.2155,978.16,DCC_2024_2025,63.1,0,35,0.049
112,53.32881,-6.230326,1207.95,DCC_2024_2025,105.5,0,49,0.049
113,53.318864,-6.212947,808.88,DCC_2024_2025,91.4,0,33,0.049
114,53.326497,-6.224458,1055.7,DCC_2024_2025,111.3,0,36,0.049
115,53.338144,-6.253613,464.86,DCC_2024_2025,43.4,2,122,0.049
116,53.339619,-6.246438,463.08,DCC_2024_2025,86.9,2,126,0.049
117,53.310632,-6.248174,800.69,DCC_2024_2025,84.1,0,24,0.049
118,53.325119,-6.240932,1108.42,DCC_2024_2025,91.8,1,22,0.049
119,53.371845,-6.266552,740.7,DCC_2024_2025,51.6,0,31,0.049
120,53.337665,-6.240624,1038.04,DCC_2024_2025,54.3,2,70,0.049
121,53.357396,-6.257089,268.53,DCC_2024_2025,106.8,0,75,0.049
122,53.35485,-6.268734,416.3,DCC_2024_2025,31.3,2,117,0.049
123,53.32344,-6.260328,519.94,DCC_2024_2025,135.8,1,61,0.049
124,53.326971,-6.342872,1521.9,DCC_2024_2025,70.1,0,46,0.049
125,53.36492,-6.308256,1256.28,DCC_2024_2025,37.4,0,19,0.049
126,53.341537,-6.27226,1176.61,DCC_2024_2025,85.2,1,182,0.049
127,53.360722,-6.275144,486.96,DCC_2024_2025,78.8,0,57,0.049
128,53.359347,-6.258569,922.31,DCC_2024_2025,40.7,0,71,0.049
129,53.358421,-6.255004,805.94,DCC_2024_2025,49.0,0,69,0.049
130,53.352282,-6.298209,778.05,DCC_2024_2025,25.8,0,30,0.049
131,53.389966,-6.301264,1329.32,DCC_2024_2025,88.5,0,41,0.049
132,53.360634,-6.23904,928.14,DCC_2024_2025,47.2,0,54,0.049
133,53.336119,-6.23853,1003.34,DCC_2024_2025,100.1,2,71,0.049
134,53.332259,-6.235354,800.53,DCC_2024_2025,60.5,0,48,0.049
136,53.306949,-6.269835,796.67,DCC_2024_2025,66.0,0,25,0.049
137,53.320803,-6.259537,294.46,DCC_2024_2025,72.2,1,36,0.049
138,53.348199,-6.295636,1803.04,DCC_2024_2025,69.6,2,81,0.049
139,53.330429,-6.283808,795.99,DCC_2024_2025,99.7,0,17,0.049
140,53.354429,-6.26343,533.29,DCC_2024_2025,72.8,2,134,0.049
141,53.354212,-6.256897,1212.22,DCC_2024_2025,48.1,0,97,0.049
142,53.338852,-6.272633,1703.22,DCC_2024_2025,67.8,1,148,0.049
143,53.343504,-6.244701,688.21,DCC_2024_2025,94.6,2,137,0.049
144,53.342762,-6.241147,767.52,DCC_2024_2025,85.8,1,89,0.049
145,53.343518,-6.246393,693.2,DCC_2024_2025,38.8,1,137,0.049
146,53.34413,-6.249295,1334.1,DCC_2024_2025,72.7,1,174,0.049
147,53.329492,-6.232952,1367.76,DCC_2024_2025,29.7,0,55,0.049
148,53.362533,-6.272693,1070.18,DCC_2024_2025,65.4,0,66,0.049
149,53.360785,-6.272679,1672.08,DCC_2024_2025,44.1,1,58,0.049
150,53.364626,-6.271784,1184.07,DCC_2024_2025,61.1,0,67,0.049
151,53.357216,-6.288761,993.15,DCC_2024_2025,53.9,1,29,0.049
152,53.346386,-6.280432,1928.41,DCC_2024_2025,59.3,2,130,0.049
153,53.325099,-6.254663,681.1,DCC_2024_2025,38.1,1,57,0.049
155,53.311898,-6.274611,996.53,DCC_2024_2025,68.4,0,24,0.049
156,53.317193,-6.27048,563.85,DCC_2024_2025,144.3,0,20,0.049
157,53.32995,-6.264279,1169.85,DCC_2024_2025,106.0,1,78,0.049
158,53.322264,-6.265737,1784.44,DCC_2024_2025,86.9,1,40,0.049
159,53.313243,-6.26383,507.42,DCC_2024_2025,95.4,0,16,0.049
160,53.341593,-6.231705,555.56,DCC_2024_2025,46.5,2,34,0.049
162,53.378263,-6.26512,891.36,DCC_2024_2025,190.9,0,47,0.049
163,53.336119,-6.257122,958.69,DCC_2024_2025,55.3,3,90,0.049
164,53.337598,-6.262615,866.91,DCC_2024_2025,47.3,1,97,0.049
165,53.318579,-6.241455,1015.69,DCC_2024_2025,129.5,1,39,0.049
166,53.353031,-6.256035,1375.22,DCC_2024_2025,68.0,0,133,0.049
167,53.333684,-6.231825,795.29,DCC_2024_2025,96.1,0,51,0.049
168,53.350227,-6.235014,487.87,DCC_2024_2025,31.4,0,54,0.049
170,53.331554,-6.283468,802.41,DCC_2024_2025,172.2,0,21,0.049
171,53.340612,-6.30767,1216.01,DCC_2024_2025,171.3,0,94,0.049
172,53.34371,-6.308068,3157.07,DCC_2024_2025,106.0,0,95,0.049
173,53.341469,-6.265393,457.9,DCC_2024_2025,25.0,1,153,0.049
174,53.319193,-6.232088,1932.88,DCC_2024_2025,63.5,0,40,0.049
175,53.313654,-6.222392,1588.05,DCC_2024_2025,74.5,0,41,0.049
176,53.33676,-6.306699,746.85,DCC_2024_2025,39.1,0,44,0.049
177,53.325687,-6.296616,707.43,DCC_2024_2025,144.7,1,21,0.049
178,53.357028,-6.249743,1130.52,DCC_2024_2025,99.2,0,55,0.049
179,53.38246,-6.244531,2143.84,DCC_2024_2025,214.4,0,31,0.049
180,53.387681,-6.244285,811.32,DCC_2024_2025,113.1,0,31,0.049
181,53.389748,-6.246276,915.6,DCC_2024_2025,107.9,0,27,0.049
182,53.350749,-6.254447,1086.26,DCC_2024_2025,90.5,0,186,0.049
183,53.347487,-6.255009,979.23,DCC_2024_2025,59.6,1,227,0.049
184,53.346815,-6.255125,769.64,DCC_2024_2025,43.2,1,247,0.049
185,53.345899,-6.255148,965.71,DCC_2024_2025,42.2,1,255,0.049
187,53.309842,-6.283565,1011.12,DCC_2024_2025,40.7,0,25,0.049
188,53.34579,-6.25212,245.75,DCC_2024_2025,56.4,1,249,0.049
189,53.334039,-6.328555,1057.33,DCC_2024_2025,31.6,0,27,0.049
190,53.347007,-6.283929,1918.64,DCC_2024_2025,48.6,1,120,0.049
191,53.342005,-6.250589,61.48,DCC_2024_2025,89.7,1,151,0.049
192,53.337605,-6.265789,1359.25,DCC_2024_2025,50.4,2,99,0.049
193,53.345256,-6.272135,1533.26,DCC_2024_2025,101.8,1,139,0.049
194,53.359856,-6.239743,677.9,DCC_2024_2025,100.9,0,56,0.049
196,53.346838,-6.258914,951.14,DCC_2024_2025,31.3,0,180,0.049
197,53.347581,-6.259277,999.03,DCC_2024_2025,32.8,0,168,0.049
198,53.348388,-6.259644,981.27,DCC_2024_2025,32.0,0,194,0.049
199,53.349798,-6.260259,363.31,DCC_2024_2025,66.4,1,177,0.049
200,53.351948,-6.26108,384.04,DCC_2024_2025,85.1,1,130,0.049
201,53.352571,-6.261489,841.26,DCC_2024_2025,96.0,1,138,0.049
202,53.351827,-6.262916,859.46,DCC_2024_2025,45.2,1,146,0.049
203,53.352744,-6.248907,313.37,DCC_2024_2025,53.8,0,96,0.049
205,53.339733,-6.265841,0.01,DCC_2024_2025,82.4,1,126,0.049
207,53.359325,-6.245566,350.85,DCC_2024_2025,95.2,0,49,0.049
208,53.358198,-6.247449,268.21,DCC_2024_2025,63.6,0,50,0.049
209,53.342807,-6.360573,796.56,DCC_2024_2025,102.4,0,9,0.049
210,53.342555,-6.357622,0.0,DCC_2024_2025,58.9,0,10,0.049
213,53.390284,-6.287412,550.53,DCC_2024_2025,167.6,0,5,0.049
214,53.389925,-6.270197,359.9,DCC_2024_2025,64.2,0,30,0.049
215,53.379911,-6.265896,671.64,DCC_2024_2025,169.9,0,42,0.049
216,53.36861,-6.269773,562.31,DCC_2024_2025,93.8,1,60,0.049
218,53.341763,-6.227736,0.0,DCC_2024_2025,71.3,2,33,0.049
219,53.388348,-6.265378,21.28,DCC_2024_2025,136.0,0,44,0.049
223,53.360883,-6.182289,912.58,DCC_2024_2025,66.1,1,2,0.049
224,53.358638,-6.189651,306.07,DCC_2024_2025,256.6,1,3,0.049
226,53.344312,-6.25978,1045.27,DCC_2024_2025,66.1,0,162,0.049
229,53.345114,-6.25894,711.68,DCC_2024_2025,86.9,0,166,0.049
230,53.345087,-6.258871,305.48,DCC_2024_2025,85.5,0,167,0.049
232,53.345757,-6.257148,691.72,DCC_2024_2025,35.0,1,197,0.049
233,53.388311,-6.260959,0.0,DCC_2024_2025,73.9,0,45,0.049
236,53.338205,-6.281362,0.0,DCC_2024_2025,97.3,0,73,0.049
238,53.329718,-6.299595,1.07,DCC_2024_2025,78.6,1,44,0.049
243,53.32151,-6.235157,0.0,DCC_2024_2025,57.9,1,35,0.049
248,53.36281,-6.239704,647.51,DCC_2024_2025,151.5,0,47,0.049
249,53.370822,-6.280147,803.96,DCC_2024_2025,112.4,1,18,0.049
254,53.340128,-6.241537,725.09,DCC_2024_2025,7.9,1,89,0.049
257,53.335421,-6.263298,140.66,DCC_2024_2025,42.6,2,90,0.049
258,53.328659,-6.276215,0.0,DCC_2024_2025,84.6,0,32,0.049
260,53.336127,-6.269057,0.0,DCC_2024_2025,94.9,1,98,0.049
261,53.371034,-6.205228,691.78,DCC_2024_2025,45.1,1,32,0.049
262,53.38003,-6.164585,273.94,DCC_2024_2025,143.5,0,4,0.049
264,53.386973,-6.214973,586.94,DCC_2024_2025,59.7,1,24,0.049
268,53.334358,-6.25519,63.61,DCC_2024_2025,85.1,4,100,0.049
269,53.341821,-6.252296,575.58,DCC_2024_2025,50.7,1,169,0.049
271,53.373023,-6.221667,0.0,DCC_2024_2025,40.3,0,22,0.049
272,53.344355,-6.260851,810.78,DCC_2024_2025,31.2,0,166,0.049
275,53.317252,-6.208186,0.0,DCC_2024_2025,43.8,0,31,0.049
276,53.311518,-6.24789,0.0,DCC_2024_2025,102.1,0,24,0.049
279,53.366691,-6.3136,706.28,DCC_2024_2025,128.3,0,11,0.049
280,53.336319,-6.273148,906.45,DCC_2024_2025,93.6,1,100,0.049
281,53.358265,-6.241709,0.0,DCC_2024_2025,148.0,0,49,0.049
282,53.35662,-6.244127,1140.63,DCC_2024_2025,101.2,0,45,0.049
285,53.346613,-6.263277,0.27,DCC_2024_2025,53.9,0,163,0.049
288,53.344709,-6.252177,971.74,DCC_2024_2025,64.3,1,220,0.049
295,53.324053,-6.265385,1079.07,DCC_2024_2025,102.5,1,40,0.049
297,53.330706,-6.26436,0.0,DCC_2024_2025,71.8,1,80,0.049
298,53.375391,-6.264941,366.79,DCC_2024_2025,216.4,0,52,0.049
301,53.338596,-6.255392,626.65,DCC_2024_2025,10.3,2,111,0.049
302,53.322155,-6.247637,761.47,DCC_2024_2025,164.8,1,58,0.049
303,53.332733,-6.21596,0.0,DCC_2024_2025,79.9,0,18,0.049
304,53.337615,-6.299358,282.81,DCC_2024_2025,87.8,0,59,0.049
305,53.343029,-6.264531,483.47,DCC_2024_2025,49.3,1,140,0.049
308,53.320811,-6.292805,242.25,DCC_2024_2025,112.9,1,21,0.049
309,53.324541,-6.295814,0.0,DCC_2024_2025,62.6,0,18,0.049
311,53.30182,-6.297239,782.34,DCC_2024_2025,77.7,0,27,0.049
312,53.314615,-6.28258,510.55,DCC_2024_2025,183.4,0,22,0.049
322,53.33102,-6.345645,0.07,DCC_2024_2025,37.5,0,19,0.049
323,53.386883,-6.200782,0.0,DCC_2024_2025,51.3,0,26,0.049
324,53.340559,-6.270032,427.81,DCC_2024_2025,95.1,1,170,0.049
325,53.32766,-6.309291,0.0,DCC_2024_2025,108.4,0,10,0.049
326,53.328281,-6.305983,0.0,DCC_2024_2025,16.7,1,6,0.049
327,53.377704,-6.287545,1293.26,DCC_2024_2025,39.3,0,35,0.049
328,53.343782,-6.259236,345.43,DCC_2024_2025,50.1,0,165,0.049
330,53.328297,-6.258168,0.05,DCC_2024_2025,39.2,2,66,0.049
331,53.378414,-6.213154,1099.63,DCC_2024_2025,121.4,0,10,0.049
332,53.379,-6.247005,0.0,DCC_2024_2025,34.2,0,22,0.049
333,53.335896,-6.312535,411.79,DCC_2024_2025,22.9,0,21,0.049
334,53.361779,-6.24678,250.38,DCC_2024_2025,90.1,0,25,0.049
335,53.379451,-6.27644,517.52,DCC_2024_2025,34.1,0,14,0.049
336,53.348002,-6.274762,215.53,DCC_2024_2025,75.4,1,135,0.049
340,53.382041,-6.291203,1132.75,DCC_2024_2025,17.6,1,22,0.049
342,53.319717,-6.243607,0.0,DCC_2024_2025,67.7,1,47,0.049
343,53.345781,-6.308218,413.41,DCC_2024_2025,52.8,0,79,0.049
346,53.370745,-6.253763,0.0,DCC_2024_2025,62.2,1,19,0.049
347,53.365865,-6.271247,0.0,DCC_2024_2025,58.8,1,52,0.049
348,53.343528,-6.369191,712.71,DCC_2024_2025,135.0,0,8,0.049
351,53.35067,-6.274204,950.19,DCC_2024_2025,51.9,1,103,0.049
352,53.342899,-6.257792,330.19,DCC_2024_2025,33.9,0,139,0.049
354,53.348997,-6.251606,794.84,DCC_2024_2025,55.3,1,175,0.049
355,53.348271,-6.251592,1149.74,DCC_2024_2025,104.5,1,198,0.049
356,53.34746,-6.25179,1010.06,DCC_2024_2025,37.9,1,218,0.049
360,53.339471,-6.258812,306.63,DCC_2024_2025,51.5,1,105,0.049
362,53.327822,-6.264698,0.05,DCC_2024_2025,104.3,0,51,0.049
366,53.342838,-6.27926,669.98,DCC_2024_2025,50.8,0,155,0.049
367,53.343352,-6.274926,1415.57,DCC_2024_2025,71.8,1,191,0.049
368,53.343098,-6.276149,717.38,DCC_2024_2025,71.5,0,194,0.049
369,53.343191,-6.281277,944.28,DCC_2024_2025,57.9,0,146,0.049
370,53.346254,-6.29175,692.04,DCC_2024_2025,61.8,3,120,0.049
372,53.341616,-6.319021,551.52,DCC_2024_2025,124.7,0,43,0.049
377,53.381623,-6.175712,309.59,DCC_2024_2025,96.6,1,29,0.049
378,53.308242,-6.254378,843.97,DCC_2024_2025,48.2,0,23,0.049
379,53.324865,-6.321087,1242.6,DCC_2024_2025,20.0,0,43,0.049
380,53.390795,-6.183381,535.61,DCC_2024_2025,56.3,0,4,0.049
381,53.391951,-6.205276,722.21,DCC_2024_2025,137.7,0,3,0.049
383,53.327855,-6.226933,1350.29,DCC_2024_2025,114.9,0,52,0.049
384,53.391133,-6.17868,715.29,DCC_2024_2025,217.2,0,6,0.049
386,53.394481,-6.212029,823.64,DCC_2024_2025,67.8,1,32,0.049
387,53.339915,-6.278046,0.02,DCC_2024_2025,23.2,0,143,0.049
388,53.397429,-6.219753,45.88,DCC_2024_2025,214.0,1,24,0.049
390,53.325288,-6.317859,980.26,DCC_2024_2025,210.9,0,30,0.049
391,53.314665,-6.246329,0.0,DCC_2024_2025,91.4,0,9,0.049
394,53.306987,-6.283729,932.81,DCC_2024_2025,167.3,0,35,0.049
395,53.325978,-6.316274,1303.78,DCC_2024_2025,96.4,0,30,0.049
396,53.343479,-6.288372,237.15,DCC_2024_2025,40.7,1,120,0.049
399,53.343649,-6.284914,814.57,DCC_2024_2025,99.7,1,121,0.049
402,53.339968,-6.260512,64.98,DCC_2024_2025,63.6,0,117,0.049
403,53.34937,-6.254029,1921.72,DCC_2024_2025,45.2,1,207,0.049
404,53.34775,-6.29186,783.93,DCC_2024_2025,35.7,3,79,0.049
405,53.367454,-6.272099,1379.14,DCC_2024_2025,129.8,1,54,0.049
408,53.361469,-6.290767,644.86,DCC_2024_2025,87.7,0,44,0.049
410,53.328254,-6.3368,1130.18,DCC_2024_2025,129.7,0,26,0.049
411,53.317715,-6.209884,715.37,DCC_2024_2025,48.5,0,37,0.049
412,53.34228,-6.346188,0.0,DCC_2024_2025,92.4,0,16,0.049
416,53.355904,-6.261015,351.98,DCC_2024_2025,54.7,2,128,0.049
418,53.347297,-6.268342,142.99,DCC_2024_2025,13.7,1,113,0.049
419,53.350149,-6.266878,887.73,DCC_2024_2025,51.3,1,123,0.049
420,53.346942,-6.291448,1265.14,DCC_2024_2025,102.1,2,117,0.049
421,53.339014,-6.256616,561.04,DCC_2024_2025,90.3,2,107,0.049
422,53.361587,-6.298221,1160.57,DCC_2024_2025,102.9,1,31,0.049
423,53.338639,-6.299716,536.91,DCC_2024_2025,113.6,0,36,0.049
428,53.370073,-6.248101,384.07,DCC_2024_2025,24.5,0,12,0.049
429,53.358905,-6.281625,0.0,DCC_2024_2025,101.9,0,27,0.049
430,53.382539,-6.276368,409.35,DCC_2024_2025,118.6,0,7,0.049
437,53.312129,-6.282596,0.0,DCC_2024_2025,29.5,0,22,0.049
438,53.352377,-6.283848,636.56,DCC_2024_2025,84.2,1,27,0.049
439,53.345732,-6.248428,558.55,DCC_2024_2025,51.3,1,187,0.049
441,53.316029,-6.205167,865.79,DCC_2024_2025,56.9,0,25,0.049
443,53.363169,-6.221922,959.98,DCC_2024_2025,168.4,1,29,0.049
445,53.357895,-6.234192,743.92,DCC_2024_2025,28.7,0,33,0.049
447,53.39853,-6.307075,918.26,DCC_2024_2025,56.5,0,50,0.049
448,53.322833,-6.237902,0.01,DCC_2024_2025,100.5,1,22,0.049
454,53.342175,-6.25455,502.1,DCC_2024_2025,89.5,1,151,0.049
455,53.363481,-6.30392,0.0,DCC_2024_2025,15.3,1,33,0.049
456,53.391514,-6.194901,1230.8,DCC_2024_2025,141.2,0,28,0.049
457,53.386999,-6.147565,0.0,DCC_2024_2025,66.4,0,6,0.049
458,53.375806,-6.286491,961.68,DCC_2024_2025,143.5,0,34,0.049
459,53.372624,-6.283616,1025.93,DCC_2024_2025,96.6,0,20,0.049
462,53.338799,-6.239191,1001.09,DCC_2024_2025,68.7,2,76,0.049
464,53.314823,-6.296007,0.0,DCC_2024_2025,154.0,0,16,0.049
465,53.33824,-6.247718,534.23,DCC_2024_2025,85.4,4,96,0.049
467,53.396867,-6.187126,637.18,DCC_2024_2025,141.7,0,34,0.049
468,53.396273,-6.162563,932.48,DCC_2024_2025,77.2,0,23,0.049
470,53.368239,-6.317839,1509.91,DCC_2024_2025,97.9,0,6,0.049
472,53.345381,-6.379892,567.97,DCC_2024_2025,87.3,0,23,0.049
473,53.310125,-6.302911,57.37,DCC_2024_2025,126.7,0,24,0.049
476,53.354983,-6.22922,836.15,DCC_2024_2025,68.5,0,22,0.049
479,53.323409,-6.250035,0.42,DCC_2024_2025,51.4,1,58,0.049
480,53.3248,-6.206972,0.0,DCC_2024_2025,150.9,0,10,0.049
483,53.357604,-6.260029,0.0,DCC_2024_2025,85.0,1,105,0.049
484,53.357886,-6.268684,253.55,DCC_2024_2025,40.1,1,94,0.049
485,53.384088,-6.294061,596.63,DCC_2024_2025,105.1,1,20,0.049
486,53.342496,-6.293686,917.26,DCC_2024_2025,47.8,1,58,0.049
487,53.329261,-6.334448,1047.05,DCC_2024_2025,106.8,0,13,0.049
488,53.342162,-6.351317,535.04,DCC_2024_2025,79.0,0,15,0.049
489,53.356098,-6.287815,524.23,DCC_2024_2025,53.3,1,25,0.049
490,53.310349,-6.281773,309.34,DCC_2024_2025,50.2,0,26,0.049
492,53.36811,-6.212068,684.71,DCC_2024_2025,29.0,1,13,0.049
493,53.385667,-6.228942,765.46,DCC_2024_2025,79.2,0,10,0.049
494,53.382361,-6.149561,687.63,DCC_2024_2025,75.6,0,9,0.049
496,53.326619,-6.243145,41.67,DCC_2024_2025,32.1,0,23,0.049
498,53.348645,-6.35317,417.45,DCC_2024_2025,152.0,0,28,0.049
500,53.371902,-6.237244,892.91,DCC_2024_2025,46.7,0,18,0.049
501,53.342938,-6.321374,1388.42,DCC_2024_2025,255.5,0,46,0.049
502,53.339486,-6.307961,1018.96,DCC_2024_2025,190.1,0,92,0.049
503,53.341829,-6.307583,1016.93,DCC_2024_2025,107.2,0,90,0.049
504,53.309955,-6.273603,485.77,DCC_2024_2025,98.6,0,25,0.049
506,53.359089,-6.195866,505.67,DCC_2024_2025,46.8,0,5,0.049
507,53.363735,-6.282404,323.14,DCC_2024_2025,39.0,0,29,0.049
508,53.392833,-6.245973,874.95,DCC_2024_2025,104.4,0,15,0.049
509,53.339254,-6.216508,315.44,DCC_2024_2025,18.9,0,49,0.049
510,53.38733,-6.298602,1637.4,DCC_2024_2025,80.0,1,47,0.049
511,53.363931,-6.195366,359.88,DCC_2024_2025,77.2,0,5,0.049
513,53.349864,-6.250993,845.32,DCC_2024_2025,58.4,0,154,0.049
515,53.371264,-6.329215,1062.42,DCC_2024_2025,52.9,0,30,0.049
516,53.387613,-6.258203,103.82,DCC_2024_2025,184.4,0,32,0.049
517,53.380386,-6.236131,316.54,DCC_2024_2025,85.9,0,11,0.049
519,53.377613,-6.276753,572.77,DCC_2024_2025,43.3,0,17,0.049
521,53.379369,-6.240419,521.98,DCC_2024_2025,69.0,0,22,0.049
522,53.333944,-6.262979,629.32,DCC_2024_2025,15.3,2,102,0.049
524,53.390389,-6.189186,62.1,DCC_2024_2025,62.4,0,20,0.049
526,53.340452,-6.315578,0.0,DCC_2024_2025,17.7,0,39,0.049
528,53.379786,-6.28828,1100.85,DCC_2024_2025,20.2,0,32,0.049
530,53.322401,-6.294285,523.77,DCC_2024_2025,273.6,1,21,0.049
531,53.371429,-6.202691,724.14,DCC_2024_2025,150.5,1,33,0.049
532,53.397642,-6.229564,2102.57,DCC_2024_2025,35.7,0,13,0.049
533,53.362704,-6.301878,818.9,DCC_2024_2025,44.9,1,29,0.049
536,53.328072,-6.208759,0.0,DCC_2024_2025,249.9,0,9,0.049
540,53.397847,-6.224204,1118.32,DCC_2024_2025,167.9,0,13,0.049
543,53.388295,-6.214775,401.03,DCC_2024_2025,158.5,0,25,0.049
544,53.345945,-6.3514,511.22,DCC_2024_2025,66.6,0,27,0.049
545,53.382846,-6.176434,834.51,DCC_2024_2025,50.8,1,31,0.049
546,53.370805,-6.2066,0.0,DCC_2024_2025,113.8,1,34,0.049
548,53.317534,-6.285995,0.0,DCC_2024_2025,236.0,0,24,0.049
550,53.336395,-6.242572,385.43,DCC_2024_2025,36.5,3,73,0.049
551,53.342325,-6.354235,0.0,DCC_2024_2025,81.7,0,15,0.049
552,53.344392,-6.376485,365.63,DCC_2024_2025,85.0,0,21,0.049
553,53.34239,-6.338905,532.61,DCC_2024_2025,71.0,0,17,0.049
554,53.343176,-6.365082,0.0,DCC_2024_2025,148.7,0,8,0.049
555,53.384836,-6.265353,0.0,DCC_2024_2025,175.8,0,37,0.049
556,53.369779,-6.277817,573.49,DCC_2024_2025,122.8,1,29,0.049
559,53.347931,-6.246104,181.13,DCC_2024_2025,53.7,1,197,0.049
561,53.380105,-6.177532,0.0,DCC_2024_2025,83.7,1,27,0.049
563,53.370281,-6.263775,192.49,DCC_2024_2025,44.6,0,25,0.049
566,53.401501,-6.264616,1353.79,DCC_2024_2025,83.7,0,36,0.049
568,53.388817,-6.298634,0.0,DCC_2024_2025,53.6,0,45,0.049
569,53.394033,-6.166281,795.67,DCC_2024_2025,154.9,0,10,0.049
570,53.378089,-6.282588,83.84,DCC_2024_2025,220.1,0,36,0.049
571,53.404628,-6.18839,660.98,DCC_2024_2025,39.0,0,2,0.049
573,53.332771,-6.329582,656.16,DCC_2024_2025,113.4,0,24,0.049
575,53.386947,-6.17362,615.39,DCC_2024_2025,122.5,0,11,0.049
576,53.316102,-6.258838,213.52,DCC_2024_2025,278.7,0,17,0.049
577,53.321071,-6.254678,240.2,DCC_2024_2025,108.5,0,59,0.049
578,53.389787,-6.305414,0.0,DCC_2024_2025,19.5,0,39,0.049
580,53.379361,-6.310933,0.0,DCC_2024_2025,164.5,0,24,0.049
582,53.344195,-6.276349,1588.56,DCC_2024_2025,51.3,1,164,0.049
583,53.31809,-6.233411,224.55,DCC_2024_2025,38.6,0,40,0.049
584,53.349669,-6.226924,2298.27,DCC_2024_2025,91.8,0,45,0.049
585,53.395425,-6.163114,0.04,DCC_2024_2025,60.0,0,22,0.049
586,53.37732,-6.215553,820.99,DCC_2024_2025,75.3,0,16,0.049
588,53.33599,-6.298898,0.0,DCC_2024_2025,112.1,0,46,0.049
589,53.340156,-6.223261,0.0,DCC_2024_2025,73.8,1,53,0.049
591,53.382666,-6.212962,552.91,DCC_2024_2025,89.7,1,31,0.049
593,53.361097,-6.22778,0.0,DCC_2024_2025,237.5,1,33,0.049
594,53.367594,-6.227566,0.0,DCC_2024_2025,89.0,0,45,0.049
596,53.374519,-6.245806,379.18,DCC_2024_2025,106.2,0,18,0.049
597,53.369758,-6.32459,679.35,DCC_2024_2025,87.5,0,9,0.049
598,53.334647,-6.214274,35.25,DCC_2024_2025,192.3,0,21,0.049
599,53.309498,-6.284764,774.93,DCC_2024_2025,89.4,0,25,0.049
600,53.352471,-6.224958,2499.74,DCC_2024_2025,75.5,0,39,0.049
603,53.382947,-6.204656,0.0,DCC_2024_2025,85.1,0,27,0.049
605,53.381117,-6.245413,0.04,DCC_2024_2025,64.4,0,28,0.049
606,53.328878,-6.303362,0.0,DCC_2024_2025,113.8,1,20,0.049
608,53.388089,-6.199225,0.0,DCC_2024_2025,166.2,0,32,0.049
610,53.327678,-6.244416,987.07,DCC_2024_2025,57.0,0,24,0.049
611,53.396287,-6.216905,988.68,DCC_2024_2025,126.0,1,28,0.049
612,53.347938,-6.263644,68.71,DCC_2024_2025,41.8,0,172,0.049
613,53.330618,-6.251899,417.54,DCC_2024_2025,103.6,2,55,0.049
614,53.329302,-6.24842,22.26,DCC_2024_2025,109.9,1,53,0.049
615,53.319449,-6.232506,876.97,DCC_2024_2025,37.0,0,37,0.049
616,53.39309,-6.221341,338.91,DCC_2024_2025,107.9,0,19,0.049
617,53.389901,-6.193174,685.53,DCC_2024_2025,93.4,0,31,0.049
618,53.324187,-6.252352,0.0,DCC_2024_2025,49.3,1,59,0.049
620,53.328099,-6.241527,173.9,DCC_2024_2025,140.8,0,22,0.049
622,53.340691,-6.265586,542.62,DCC_2024_2025,37.3,1,129,0.049
623,53.321366,-6.267498,458.61,DCC_2024_2025,47.3,1,33,0.049
624,53.377471,-6.258,430.5,DCC_2024_2025,109.0,0,8,0.049
625,53.34567,-6.265035,0.0,DCC_2024_2025,40.6,0,149,0.049
626,53.389135,-6.152513,767.98,DCC_2024_2025,60.6,0,10,0.049
628,53.353312,-6.285299,577.64,DCC_2024_2025,51.0,1,22,0.049
629,53.326767,-6.313415,781.9,DCC_2024_2025,115.4,0,24,0.049
630,53.366847,-6.172646,624.28,DCC_2024_2025,75.8,0,1,0.049
631,53.367161,-6.194884,446.04,DCC_2024_2025,80.4,0,8,0.049
632,53.369173,-6.194367,359.42,DCC_2024_2025,52.3,0,8,0.049
633,53.36248,-6.195647,355.74,DCC_2024_2025,64.7,0,8,0.049
634,53.398459,-6.160034,0.0,DCC_2024_2025,136.1,0,30,0.049
635,53.398346,-6.156382,0.0,DCC_2024_2025,83.0,0,28,0.049
637,53.331221,-6.29795,477.4,DCC_2024_2025,172.1,1,52,0.049
639,53.390252,-6.191502,1094.87,DCC_2024_2025,27.5,0,27,0.049
640,53.386364,-6.254896,536.72,DCC_2024_2025,55.8,0,7,0.049
641,53.303864,-6.293915,0.02,DCC_2024_2025,243.2,0,8,0.049
642,53.305705,-6.290912,0.0,DCC_2024_2025,184.3,0,9,0.049
648,53.332328,-6.231722,482.07,DCC_2024_2025,58.5,0,61,0.049
649,53.384392,-6.221069,529.75,DCC_2024_2025,109.6,1,22,0.049
650,53.313149,-6.247058,693.83,DCC_2024_2025,121.0,0,17,0.049
651,53.342196,-6.32894,527.71,DCC_2024_2025,83.0,0,22,0.049
652,53.383702,-6.2765,0.0,DCC_2024_2025,73.8,0,5,0.049
653,53.340595,-6.272395,0.0,DCC_2024_2025,27.9,1,171,0.049
654,53.342179,-6.325136,486.67,DCC_2024_2025,88.4,0,33,0.049
655,53.361404,-6.214596,598.17,DCC_2024_2025,269.4,0,5,0.049
658,53.342024,-6.236548,640.34,DCC_2024_2025,16.4,2,52,0.049
659,53.375937,-6.242347,732.38,DCC_2024_2025,27.8,0,11,0.049
660,53.347605,-6.241202,1767.13,DCC_2024_2025,68.2,1,96,0.049
662,53.339257,-6.264347,197.58,DCC_2024_2025,17.6,1,83,0.049
663,53.339701,-6.264034,333.44,DCC_2024_2025,46.6,1,87,0.049
664,53.345907,-6.296126,843.14,DCC_2024_2025,76.0,2,104,0.049
665,53.343606,-6.270068,76.19,DCC_2024_2025,31.0,2,166,0.049
667,53.362105,-6.299983,1053.26,DCC_2024_2025,41.1,1,29,0.049
668,53.336765,-6.26315,154.56,DCC_2024_2025,53.8,2,94,0.049
670,53.368073,-6.303784,0.0,DCC_2024_2025,169.9,0,16,0.049
672,53.389949,-6.272032,296.36,DCC_2024_2025,172.6,0,19,0.049
676,53.346322,-6.383217,1039.71,DCC_2024_2025,70.8,0,31,0.049
677,53.351254,-6.225855,2404.47,DCC_2024_2025,26.7,0,43,0.049
679,53.324163,-6.327237,1298.55,DCC_2024_2025,41.3,0,23,0.049
680,53.390168,-6.199851,596.08,DCC_2024_2025,70.4,0,33,0.049
682,53.350294,-6.272273,0.0,DCC_2024_2025,81.8,1,105,0.049
686,53.325472,-6.265237,0.0,DCC_2024_2025,24.7,1,37,0.049
689,53.394478,-6.161067,0.0,DCC_2024_2025,30.0,0,18,0.049
690,53.376133,-6.270027,375.94,DCC_2024_2025,25.1,0,53,0.049
691,53.377617,-6.248155,1236.42,DCC_2024_2025,95.8,0,12,0.049
692,53.337597,-6.347597,727.98,DCC_2024_2025,30.0,0,14,0.049
693,53.310557,-6.289794,377.03,DCC_2024_2025,51.1,0,15,0.049
694,53.377301,-6.196351,471.09,DCC_2024_2025,134.5,0,19,0.049
695,53.373274,-6.194027,0.01,DCC_2024_2025,97.6,0,20,0.049
696,53.36589,-6.195127,301.85,DCC_2024_2025,174.9,0,9,0.049
699,53.324038,-6.279767,483.42,DCC_2024_2025,76.0,0,19,0.049
700,53.367348,-6.299733,535.78,DCC_2024_2025,131.5,0,14,0.049
701,53.372135,-6.22266,1000.86,DCC_2024_2025,73.3,0,28,0.049
704,53.373079,-6.265813,0.0,DCC_2024_2025,94.5,0,33,0.049
706,53.337647,-6.226662,80.07,DCC_2024_2025,63.8,1,61,0.049
707,53.331854,-6.264628,67.2,DCC_2024_2025,53.9,1,76,0.049
709,53.367944,-6.239567,291.88,DCC_2024_2025,194.8,0,14,0.049
710,53.346803,-6.265947,261.16,DCC_2024_2025,28.6,1,164,0.049
711,53.346484,-6.268028,115.52,DCC_2024_2025,45.1,1,114,0.049
712,53.364838,-6.239865,0.05,DCC_2024_2025,139.1,0,37,0.049
715,53.373421,-6.268691,0.0,DCC_2024_2025,93.4,0,33,0.049
716,53.390816,-6.319788,629.29,DCC_2024_2025,106.9,0,8,0.049
720,53.339356,-6.274991,635.32,DCC_2024_2025,34.5,1,149,0.049
722,53.332703,-6.260479,381.26,DCC_2024_2025,47.6,3,99,0.049
724,53.340249,-6.214765,378.08,DCC_2024_2025,57.0,0,41,0.049
725,53.342624,-6.215042,0.0,DCC_2024_2025,35.2,0,22,0.049
727,53.40285,-6.180071,1806.19,DCC_2024_2025,95.3,1,49,0.049
729,53.33867,-6.279439,480.87,DCC_2024_2025,38.3,0,101,0.049
733,53.33731,-6.285952,703.58,DCC_2024_2025,70.2,0,43,0.049
734,53.359634,-6.23199,534.11,DCC_2024_2025,225.5,1,33,0.049
738,53.3348,-6.327736,839.37,DCC_2024_2025,130.8,0,27,0.049
740,53.371688,-6.245034,237.35,DCC_2024_2025,29.7,0,15,0.049
742,53.35053,-6.279824,335.81,DCC_2024_2025,49.6,1,83,0.049
743,53.348685,-6.281942,552.31,DCC_2024_2025,85.9,1,87,0.049
744,53.336755,-6.259886,9.13,DCC_2024_2025,54.5,1,102,0.049
745,53.396547,-6.264009,998.35,DCC_2024_2025,125.2,0,21,0.049
747,53.378914,-6.175762,312.31,DCC_2024_2025,104.1,1,25,0.049
748,53.380328,-6.172593,261.71,DCC_2024_2025,69.5,0,25,0.049
750,53.367407,-6.255393,1800.47,DCC_2024_2025,56.3,1,19,0.049
751,53.331356,-6.279351,0.0,DCC_2024_2025,123.1,0,44,0.049
752,53.324936,-6.302289,463.21,DCC_2024_2025,120.1,0,14,0.049
753,53.348446,-6.279865,0.0,DCC_2024_2025,53.1,2,116,0.049
755,53.394225,-6.264055,921.11,DCC_2024_2025,72.9,0,22,0.049
756,53.342419,-6.356215,860.61,DCC_2024_2025,108.8,0,12,0.049
757,53.350682,-6.276794,240.02,DCC_2024_2025,50.0,1,80,0.049
758,53.332388,-6.253173,1150.26,DCC_2024_2025,49.5,4,68,0.049
759,53.338735,-6.277968,0.01,DCC_2024_2025,31.5,0,112,0.049
760,53.346298,-6.281997,830.42,DCC_2024_2025,73.0,1,126,0.049
761,53.346885,-6.282501,725.76,DCC_2024_2025,29.1,1,119,0.049
767,53.328482,-6.343767,0.0,DCC_2024_2025,9.4,0,34,0.049
769,53.334344,-6.325081,420.65,DCC_2024_2025,19.1,0,27,0.049
771,53.343241,-6.290989,934.23,DCC_2024_2025,49.2,1,83,0.049
772,53.348054,-6.289722,143.35,DCC_2024_2025,54.8,2,89,0.049
773,53.347183,-6.280159,576.64,DCC_2024_2025,50.1,2,124,0.049
775,53.347111,-6.276985,126.24,DCC_2024_2025,17.1,1,156,0.049
776,53.34707,-6.274992,864.12,DCC_2024_2025,21.6,1,142,0.049
777,53.346801,-6.272844,279.66,DCC_2024_2025,58.6,1,149,0.049
778,53.3469,-6.27047,177.19,DCC_2024_2025,23.0,1,154,0.049
780,53.332423,-6.256284,0.0,DCC_2024_2025,56.2,2,92,0.049
781,53.310495,-6.251933,115.95,DCC_2024_2025,84.9,0,29,0.049
782,53.34907,-6.26005,404.98,DCC_2024_2025,55.1,0,186,0.049
785,53.404056,-6.183694,850.52,DCC_2024_2025,21.7,1,40,0.049
791,53.366857,-6.218631,510.61,DCC_2024_2025,77.4,0,18,0.049
796,53.347939,-6.257392,471.31,DCC_2024_2025,71.4,1,212,0.049
797,53.400951,-6.18246,1595.64,DCC_2024_2025,92.7,1,49,0.049
798,53.376811,-6.309315,1045.72,DCC_2024_2025,46.5,0,23,0.049
799,53.334956,-6.346318,608.76,DCC_2024_2025,99.3,0,14,0.049
800,53.332933,-6.355783,368.05,DCC_2024_2025,34.4,0,15,0.049
801,53.337983,-6.255803,691.39,DCC_2024_2025,40.6,2,106,0.049
806,53.31763,-6.215483,717.34,DCC_2024_2025,41.6,0,33,0.049
807,53.346699,-6.24783,502.09,DCC_2024_2025,69.8,1,195,0.049
808,53.34805,-6.247896,424.35,DCC_2024_2025,81.9,1,195,0.049
811,53.377431,-6.187251,199.43,DCC_2024_2025,77.9,0,6,0.049
816,53.353347,-6.223352,1360.66,DCC_2024_2025,127.3,0,38,0.049
817,53.354299,-6.224464,236.4,DCC_2024_2025,142.4,0,27,0.049
818,53.35492,-6.221743,605.55,DCC_2024_2025,26.7,0,30,0.049
819,53.338312,-6.236822,0.0,DCC_2024_2025,64.0,2,64,0.049
821,53.39626,-6.293222,545.3,DCC_2024_2025,102.4,0,15,0.049
822,53.409815,-6.214359,1976.64,DCC_2024_2025,93.7,1,33,0.049
826,53.343796,-6.372084,685.29,DCC_2024_2025,87.9,0,9,0.049
830,53.384077,-6.243644,549.13,DCC_2024_2025,247.5,0,45,0.049
832,53.362401,-6.242117,1403.88,DCC_2024_2025,103.5,0,46,0.049
833,53.34248,-6.239192,533.14,DCC_2024_2025,54.8,1,78,0.049
834,53.398108,-6.238685,0.0,DCC_2024_2025,74.0,0,33,0.049
835,53.396273,-6.23979,0.0,DCC_2024_2025,87.5,0,36,0.049
838,53.34562,-6.299146,1026.61,DCC_2024_2025,78.3,2,54,0.049
839,53.362898,-6.178408,549.22,DCC_2024_2025,50.2,1,2,0.049
841,53.397227,-6.185557,0.01,DCC_2024_2025,172.6,0,36,0.049
844,53.328302,-6.234124,125.16,DCC_2024_2025,103.5,0,54,0.049
846,53.321519,-6.23054,0.0,DCC_2024_2025,108.6,0,29,0.049
848,53.313818,-6.202828,1071.7,DCC_2024_2025,73.5,0,22,0.049
850,53.35254,-6.232209,177.3,DCC_2024_2025,50.1,0,26,0.049
851,53.400937,-6.194885,0.0,DCC_2024_2025,85.5,0,2,0.049
853,53.375017,-6.217651,0.0,DCC_2024_2025,91.0,0,20,0.049
856,53.350533,-6.240965,810.88,DCC_2024_2025,95.4,0,72,0.049
857,53.397195,-6.233127,1085.32,DCC_2024_2025,143.0,0,21,0.049
858,53.39776,-6.226959,1565.71,DCC_2024_2025,27.1,0,14,0.049
859,53.402576,-6.162162,777.97,DCC_2024_2025,18.5,0,41,0.049
860,53.349617,-6.245754,288.96,DCC_2024_2025,41.7,0,168,0.049
861,53.34906,-6.240951,590.8,DCC_2024_2025,104.8,1,79,0.049
862,53.348898,-6.238775,133.52,DCC_2024_2025,30.1,1,72,0.049
863,53.348839,-6.237784,112.47,DCC_2024_2025,92.8,1,66,0.049
864,53.348782,-6.236485,7.87,DCC_2024_2025,36.0,1,67,0.049
865,53.348704,-6.235304,258.88,DCC_2024_2025,31.4,1,62,0.049
866,53.348557,-6.23209,115.81,DCC_2024_2025,23.2,0,51,0.049
867,53.348304,-6.229728,360.83,DCC_2024_2025,39.5,0,49,0.049
868,53.346194,-6.240836,1264.38,DCC_2024_2025,62.7,1,111,0.049
870,53.344494,-6.240785,1558.98,DCC_2024_2025,63.5,1,95,0.049
872,53.405933,-6.163208,212.37,DCC_2024_2025,54.5,0,29,0.049
873,53.347406,-6.238067,750.26,DCC_2024_2025,80.1,1,66,0.049
874,53.407418,-6.21543,0.0,DCC_2024_2025,144.8,0,26,0.049
875,53.406538,-6.177219,865.82,DCC_2024_2025,56.6,0,61,0.049
878,53.399558,-6.276004,456.78,DCC_2024_2025,21.0,0,4,0.049
879,53.349755,-6.277562,0.0,DCC_2024_2025,39.4,1,93,0.049
882,53.334415,-6.245636,738.82,DCC_2024_2025,71.9,3,50,0.049
883,53.330591,-6.260314,147.16,DCC_2024_2025,77.1,1,89,0.049
886,53.38394,-6.183645,325.77,DCC_2024_2025,101.4,1,9,0.049
888,53.40229,-6.176476,1064.12,DCC_2024_2025,150.9,1,68,0.049
889,53.401673,-6.171252,935.17,DCC_2024_2025,79.1,0,33,0.049
890,53.398172,-6.161157,1087.0,DCC_2024_2025,86.1,0,27,0.049
891,53.335706,-6.380298,658.64,DCC_2024_2025,46.7,0,17,0.049
893,53.345953,-6.237992,322.17,DCC_2024_2025,94.9,1,64,0.049
895,53.338672,-6.271996,0.0,DCC_2024_2025,58.5,1,145,0.049
897,53.347478,-6.235535,798.11,DCC_2024_2025,89.6,1,62,0.049
898,53.346938,-6.230158,472.15,DCC_2024_2025,74.4,1,46,0.049
899,53.400106,-6.257649,737.68,DCC_2024_2025,95.2,0,16,0.049
900,53.398861,-6.250957,565.47,DCC_2024_2025,69.6,0,15,0.049
901,53.397775,-6.246764,611.33,DCC_2024_2025,41.1,0,27,0.049
902,53.36022,-6.265651,646.12,DCC_2024_2025,104.7,1,73,0.049
904,53.356885,-6.231852,894.52,DCC_2024_2025,61.2,0,14,0.049
906,53.372201,-6.252868,540.0,DCC_2024_2025,58.2,0,20,0.049
908,53.347342,-6.25728,370.5,DCC_2024_2025,50.8,1,216,0.049
909,53.343357,-6.282958,492.17,DCC_2024_2025,31.4,1,128,0.049
910,53.339706,-6.318105,538.63,DCC_2024_2025,132.3,0,40,0.049
911,53.340806,-6.255314,227.44,DCC_2024_2025,71.1,0,110,0.049
913,53.370474,-6.306385,279.57,DCC_2024_2025,143.5,0,18,0.049
914,53.39448,-6.212434,901.7,DCC_2024_2025,67.5,1,31,0.049
915,53.384311,-6.23611,401.72,DCC_2024_2025,31.0,0,22,0.049
916,53.363636,-6.281263,192.74,DCC_2024_2025,40.6,0,30,0.049
917,53.395261,-6.24542,367.77,DCC_2024_2025,112.4,0,32,0.049
918,53.379147,-6.269746,200.96,DCC_2024_2025,139.0,0,50,0.049
919,53.34099,-6.258309,244.49,DCC_2024_2025,59.4,0,116,0.049
920,53.341779,-6.258082,211.75,DCC_2024_2025,41.9,0,126,0.049
921,53.345857,-6.259118,452.34,DCC_2024_2025,37.9,0,165,0.049
922,53.351222,-6.260882,311.72,DCC_2024_2025,77.7,1,164,0.049
923,53.35337,-6.25966,246.28,DCC_2024_2025,42.5,1,119,0.049
924,53.350115,-6.258424,168.27,DCC_2024_2025,60.0,0,191,0.049
925,53.350874,-6.264865,423.88,DCC_2024_2025,42.9,1,129,0.049
926,53.359757,-6.278523,320.43,DCC_2024_2025,66.4,0,48,0.049
927,53.3609,-6.27929,630.78,DCC_2024_2025,91.7,0,45,0.049
928,53.353482,-6.272999,1445.53,DCC_2024_2025,107.3,0,89,0.049
929,53.353656,-6.274314,124.76,DCC_2024_2025,19.9,0,86,0.049
930,53.349823,-6.354442,331.22,DCC_2024_2025,128.2,0,26,0.049
931,53.371392,-6.20727,314.37,DCC_2024_2025,110.0,1,33,0.049
932,53.352372,-6.26894,283.6,DCC_2024_2025,36.8,1,163,0.049
933,53.33112,-6.281445,598.43,DCC_2024_2025,54.5,0,39,0.049
934,53.376483,-6.190527,321.71,DCC_2024_2025,165.6,0,18,0.049
935,53.349738,-6.229505,251.95,DCC_2024_2025,58.1,0,52,0.049
936,53.347106,-6.261071,943.14,DCC_2024_2025,73.0,0,165,0.049
937,53.37157,-6.166918,208.82,DCC_2024_2025,503.7,0,1,0.049
938,53.397635,-6.266166,506.73,DCC_2024_2025,32.6,0,27,0.049
939,53.399028,-6.162248,764.08,DCC_2024_2025,121.3,0,35,0.049
940,53.324275,-6.239914,0.0,DCC_2024_2025,58.0,1,19,0.049
941,53.345299,-6.24635,78.59,DCC_2024_2025,26.5,1,174,0.049
942,53.377845,-6.31232,0.0,DCC_2024_2025,38.6,0,23,0.049
943,53.314904,-6.226294,1350.6,DCC_2024_2025,249.8,0,40,0.049
944,53.315875,-6.227737,293.5,DCC_2024_2025,232.8,0,50,0.049
945,53.320587,-6.315907,376.21,DCC_2024_2025,103.2,1,15,0.049
946,53.364363,-6.17638,570.67,DCC_2024_2025,119.9,0,1,0.049
947,53.403,-6.27386,179.87,DCC_2024_2025,53.7,0,25,0.049
948,53.367086,-6.302202,277.05,DCC_2024_2025,35.3,0,21,0.049
949,53.377472,-6.332771,203.84,DCC_2024_2025,88.7,0,15,0.049
950,53.372152,-6.194188,43.28,DCC_2024_2025,41.7,0,17,0.049
951,53.345073,-6.350855,215.9,DCC_2024_2025,81.3,0,25,0.049
952,53.391046,-6.175185,369.37,DCC_2024_2025,22.2,0,14,0.049
953,53.40352,-6.28213,758.27,DCC_2024_2025,140.1,0,31,0.049
954,53.313841,-6.297452,83.3,DCC_2024_2025,101.1,0,18,0.049
955,53.40259,-6.17052,208.31,DCC_2024_2025,20.8,0,39,0.049
956,53.355796,-6.27816,68.73,DCC_2024_2025,84.8,0,43,0.049
957,53.373108,-6.299807,555.87,DCC_2024_2025,71.4,0,21,0.049
958,53.354586,-6.278648,152.17,DCC_2024_2025,61.3,0,46,0.049
959,53.331928,-6.215798,150.65,DCC_2024_2025,26.1,0,17,0.049
960,53.332071,-6.214829,77.82,DCC_2024_2025,63.1,0,15,0.049
961,53.407162,-6.228414,515.76,DCC_2024_2025,115.4,0,6,0.049
962,53.334163,-6.290199,334.77,DCC_2024_2025,73.5,0,41,0.049
963,53.338984,-6.236767,209.75,DCC_2024_2025,22.4,2,64,0.049
964,53.357519,-6.286843,256.29,DCC_2024_2025,63.1,1,29,0.049
965,53.40817,-6.16199,725.88,DCC_2024_2025,23.1,0,41,0.049
966,53.36144,-6.29341,707.22,DCC_2024_2025,23.2,1,36,0.049
967,53.3375,-6.2195,912.86,DCC_2024_2025,115.4,0,46,0.049
968,53.341474,-6.270088,526.08,DCC_2024_2025,37.3,1,190,0.049
970,53.39494,-6.27056,138.12,DCC_2024_2025,126.8,0,14,0.049
971,53.387933,-6.237328,477.93,DCC_2024_2025,27.3,0,26,0.049
972,53.38539,-6.27847,219.58,DCC_2024_2025,144.6,0,3,0.049
973,53.39261,-6.26774,74.66,DCC_2024_2025,42.4,0,34,0.049
974,53.36279,-6.31213,228.58,DCC_2024_2025,94.1,0,11,0.049
975,53.34409,-6.27182,13.3,DCC_2024_2025,101.3,2,161,0.049
976,53.36246,-6.217855,351.51,DCC_2024_2025,35.8,0,15,0.049
977,53.3713,-6.23526,500.52,DCC_2024_2025,88.5,0,13,0.049
978,53.3758,-6.29984,275.58,DCC_2024_2025,60.9,0,17,0.049
979,53.348314,-6.27144,289.85,DCC_2024_2025,76.4,1,121,0.049
980,53.353727,-6.258049,337.01,DCC_2024_2025,41.6,1,99,0.049
983,53.403327,-6.170466,394.32,DCC_2024_2025,44.8,0,45,0.049
988,53.32349,-6.29531,340.56,DCC_2024_2025,136.7,1,19,0.049
989,53.32039,-6.30719,191.96,DCC_2024_2025,140.5,0,5,0.049
990,53.33103,-6.28778,277.5,DCC_2024_2025,74.9,0,42,0.049
991,53.38244,-6.20177,451.41,DCC_2024_2025,130.8,0,26,0.049
992,53.39267,-6.20442,297.98,DCC_2024_2025,60.1,0,4,0.049
994,53.397192,-6.237992,1438.24,DCC_2024_2025,155.0,0,36,0.049
995,53.343254,-6.365711,181.22,DCC_2024_2025,139.3,0,8,0.049
997,53.368243,-6.249741,218.5,DCC_2024_2025,230.8,1,16,0.049
1002,53.347053,-6.291793,239.31,DCC_2024_2025,79.1,3,106,0.049
1003,53.364307,-6.228011,877.05,DCC_2024_2025,81.3,1,52,0.049
1005,53.364079,-6.232259,364.9,DCC_2024_2025,92.9,1,33,0.049
1006,53.361077,-6.238493,322.31,DCC_2024_2025,25.9,0,54,0.049
1007,53.35834,-6.233674,302.16,DCC_2024_2025,56.2,0,33,0.049
1009,53.318265,-6.264489,253.07,DCC_2024_2025,85.4,1,35,0.049
1011,53.3466,-6.26061,362.04,DCC_2024_2025,42.9,0,168,0.049
1012,53.327563,-6.230889,228.91,DCC_2024_2025,27.8,0,43,0.049
1124,53.296715,-6.204066,1905.03,DCC_2024_2025,45.3,2,20,0.049
2057,53.403872,-6.265136,1099.92,DCC_2024_2025,55.1,0,42,0.049
4010,53.410782,-6.225524,1986.14,DCC_2024_2025,294.0,0,9,0.049
4011,53.408778,-6.268103,1092.85,DCC_2024_2025,210.1,0,44,0.049
4012,53.404191,-6.310004,926.67,DCC_2024_2025,146.0,0,39,0.049
4013,53.381886,-6.361533,1623.48,DCC_2024_2025,194.0,0,36,0.049
4014,53.380856,-6.35721,2112.31,DCC_2024_2025,13.9,0,33,0.049
4015,53.38495,-6.368447,1355.42,DCC_2024_2025,132.9,1,34,0.049
4020,53.290399,-6.332351,1884.65,DCC_2024_2025,88.3,0,57,0.049
4025,53.427481,-6.219117,297.55,DCC_2024_2025,108.9,0,3,0.049
4026,53.272522,-6.219414,2554.25,DCC_2024_2025,143.3,0,73,0.049
4027,53.24166,-6.151679,1160.6,DCC_2024_2025,194.9,0,23,0.049
4028,53.240829,-6.153349,560.13,DCC_2024_2025,128.5,0,22,0.049
4029,53.342049,-6.236099,1048.54,DCC_2024_2025,18.6,2,52,0.049
4030,53.398223,-6.244172,822.6,DCC_2024_2025,84.9,0,33,0.049
4031,53.398024,-6.241878,91.77,DCC_2024_2025,127.0,0,36,0.049
4035,53.423284,-6.230265,1545.09,DCC_2024_2025,123.6,0,13,0.049
4036,53.376121,-6.345586,124.33,DCC_2024_2025,94.3,0,14,0.049
4037,53.37681,-6.345079,120.81,DCC_2024_2025,35.8,0,15,0.049
4038,53.403009,-6.310221,2179.21,DCC_2024_2025,114.2,0,43,0.049
4039,53.417443,-6.238798,1588.72,DCC_2024_2025,73.7,0,14,0.049
4040,53.405293,-6.265217,1944.88,DCC_2024_2025,182.0,0,52,0.049
4045,53.411116,-6.265634,998.47,DCC_2024_2025,115.6,0,23,0.049
4047,53.408198,-6.265834,920.76,DCC_2024_2025,109.9,0,44,0.049
4048,53.38437,-6.366341,1575.1,DCC_2024_2025,28.4,0,38,0.049
4049,53.381309,-6.357355,409.28,DCC_2024_2025,46.8,0,32,0.049
4050,53.385835,-6.368473,407.52,DCC_2024_2025,166.1,1,32,0.049
4051,53.379199,-6.353712,1533.4,DCC_2024_2025,125.1,0,34,0.049
4052,53.369636,-6.348086,723.94,DCC_2024_2025,94.9,0,4,0.049
4053,53.371916,-6.358541,490.44,DCC_2024_2025,182.9,0,4,0.049
4054,53.372798,-6.362186,928.7,DCC_2024_2025,88.3,1,4,0.049
4055,53.375188,-6.363849,859.34,DCC_2024_2025,42.5,1,9,0.049
4056,53.38057,-6.36922,1569.06,DCC_2024_2025,91.8,0,25,0.049
4057,53.37906,-6.371902,993.49,DCC_2024_2025,66.6,0,15,0.049
4058,53.382904,-6.370998,1199.64,DCC_2024_2025,111.3,1,36,0.049
4059,53.385247,-6.372621,2121.1,DCC_2024_2025,81.4,1,33,0.049
4060,53.385586,-6.373103,1266.24,DCC_2024_2025,84.5,1,31,0.049
4061,53.385812,-6.374633,670.43,DCC_2024_2025,31.8,1,22,0.049
4063,53.370468,-6.343285,233.57,DCC_2024_2025,134.8,0,6,0.049
4064,53.425137,-6.229437,1391.15,DCC_2024_2025,62.4,0,23,0.049
4065,53.397941,-6.390739,1757.66,DCC_2024_2025,157.6,1,38,0.049
4066,53.397107,-6.392437,1659.0,DCC_2024_2025,118.5,1,34,0.049
4067,53.398869,-6.391507,704.67,DCC_2024_2025,62.7,1,38,0.049
4068,53.395442,-6.386454,316.54,DCC_2024_2025,157.3,1,36,0.049
4069,53.406519,-6.291735,586.34,DCC_2024_2025,112.2,0,13,0.049
4070,53.373068,-6.334431,305.74,DCC_2024_2025,45.1,0,41,0.049
4071,53.425378,-6.219091,7731.5,DCC_2024_2025,138.2,0,3,0.049
4072,53.41323,-6.1598,539.52,DCC_2024_2025,32.1,0,32,0.049
4073,53.41073,-6.16078,700.21,DCC_2024_2025,57.7,0,41,0.049
4074,53.392379,-6.383257,268.29,DCC_2024_2025,61.0,0,55,0.049
4075,53.391439,-6.381962,1390.94,DCC_2024_2025,136.3,0,56,0.049
4076,53.39234,-6.379365,723.67,DCC_2024_2025,119.2,0,60,0.049
4077,53.392649,-6.378836,975.92,DCC_2024_2025,73.0,0,60,0.049
4079,53.40516,-6.268816,611.32,DCC_2024_2025,153.5,0,47,0.049
4080,53.406381,-6.272839,620.79,DCC_2024_2025,65.5,0,32,0.049
4081,53.406138,-6.278107,601.3,DCC_2024_2025,45.0,0,34,0.049
4082,53.397521,-6.239358,1482.07,DCC_2024_2025,68.3,0,36,0.049
6000,53.279287,-6.210832,1030.98,DCC_2024_2025,102.6,1,67,0.049
6001,53.293577,-6.201737,1936.4,DCC_2024_2025,44.3,3,9,0.049
6002,53.293486,-6.201812,2045.04,DCC_2024_2025,55.4,3,10,0.049
6003,53.282363,-6.193424,1748.21,DCC_2024_2025,69.3,0,2,0.049
6004,53.274359,-6.176242,1645.61,DCC_2024_2025,43.8,0,4,0.049
6005,53.302484,-6.207636,1793.85,DCC_2024_2025,71.4,1,37,0.049
6006,53.273556,-6.17352,1683.3,DCC_2024_2025,38.8,0,5,0.049
6007,53.272355,-6.1713,1525.26,DCC_2024_2025,34.0,0,9,0.049
6008,53.289368,-6.195448,1841.31,DCC_2024_2025,95.7,1,44,0.049
6009,53.270594,-6.167395,1405.05,DCC_2024_2025,145.0,0,7,0.049
6010,53.266283,-6.158402,1491.6,DCC_2024_2025,82.0,0,14,0.049
6011,53.261763,-6.149436,2068.65,DCC_2024_2025,177.0,1,26,0.049
6013,53.260949,-6.150655,334.92,DCC_2024_2025,66.7,1,24,0.049
6014,53.280131,-6.189365,32.96,DCC_2024_2025,135.9,0,8,0.049
6015,53.264988,-6.159705,496.79,DCC_2024_2025,144.3,0,17,0.049
6016,53.258302,-6.146147,0.0,DCC_2024_2025,129.6,1,10,0.049
6017,53.250585,-6.141347,1546.1,DCC_2024_2025,108.2,0,16,0.049
6019,53.299635,-6.205452,1754.22,DCC_2024_2025,72.1,1,34,0.049
6020,53.300957,-6.180171,1068.31,DCC_2024_2025,67.9,1,44,0.049
6021,53.302397,-6.182961,1218.63,DCC_2024_2025,52.2,1,36,0.049
6022,53.301896,-6.181625,1306.06,DCC_2024_2025,31.8,1,35,0.049
6023,53.300204,-6.178878,1358.43,DCC_2024_2025,58.1,1,46,0.049
6024,53.299163,-6.174485,1154.97,DCC_2024_2025,54.1,1,50,0.049
6025,53.297385,-6.170798,1204.49,DCC_2024_2025,53.4,0,35,0.049
6026,53.298612,-6.17042,340.1,DCC_2024_2025,63.5,0,32,0.049
6027,53.296291,-6.170035,1343.78,DCC_2024_2025,109.2,0,36,0.049
6028,53.294448,-6.169087,891.53,DCC_2024_2025,145.5,0,34,0.049
6029,53.276588,-6.221272,1842.84,DCC_2024_2025,46.0,0,62,0.049
6030,53.305065,-6.18768,1005.02,DCC_2024_2025,103.3,0,17,0.049
6031,53.308875,-6.195946,1159.19,DCC_2024_2025,36.8,2,23,0.049
6032,53.311503,-6.20117,1124.46,DCC_2024_2025,45.5,2,25,0.049
6033,53.299138,-6.219206,665.65,DCC_2024_2025,53.4,0,14,0.049
6034,53.274024,-6.204244,826.17,DCC_2024_2025,90.4,4,48,0.049
6035,53.277306,-6.219613,966.25,DCC_2024_2025,21.1,0,65,0.049
6036,53.279078,-6.216732,509.55,DCC_2024_2025,73.4,1,85,0.049
6038,53.301468,-6.213943,670.06,DCC_2024_2025,125.4,0,29,0.049
6039,53.275612,-6.229443,728.54,DCC_2024_2025,64.5,0,21,0.049
6040,53.247823,-6.138433,741.82,DCC_2024_2025,270.9,1,46,0.049
6041,53.246493,-6.138492,2975.47,DCC_2024_2025,130.3,1,48,0.049
6042,53.247451,-6.136852,1423.93,DCC_2024_2025,234.1,1,41,0.049
6043,53.249243,-6.134648,1280.29,DCC_2024_2025,157.6,1,45,0.049
6044,53.250165,-6.133746,1346.64,DCC_2024_2025,67.1,1,41,0.049
6045,53.251396,-6.132548,1368.04,DCC_2024_2025,119.6,0,37,0.049
6046,53.254229,-6.130456,1167.1,DCC_2024_2025,110.1,0,45,0.049
6047,53.257248,-6.128312,1165.95,DCC_2024_2025,123.9,0,36,0.049
6048,53.278474,-6.185137,2469.89,DCC_2024_2025,72.3,0,8,0.049
6049,53.269733,-6.141095,622.9,DCC_2024_2025,56.1,0,12,0.049
6051,53.309551,-6.217407,261.57,DCC_2024_2025,63.8,0,12,0.049
6052,53.28082,-6.158061,1071.21,DCC_2024_2025,31.7,0,35,0.049
6053,53.279868,-6.157883,502.06,DCC_2024_2025,98.6,1,37,0.049
6054,53.278008,-6.16385,1206.93,DCC_2024_2025,48.3,1,31,0.049
6055,53.291761,-6.265562,614.61,DCC_2024_2025,155.7,0,14,0.049
6056,53.291782,-6.269053,1052.3,DCC_2024_2025,186.9,0,9,0.049
6057,53.313104,-6.238721,1340.45,DCC_2024_2025,19.1,0,23,0.049
6058,53.313452,-6.238013,467.89,DCC_2024_2025,39.7,0,23,0.049
6059,53.288542,-6.145521,1201.94,DCC_2024_2025,49.7,0,14,0.049
6060,53.287145,-6.157711,843.43,DCC_2024_2025,85.2,0,34,0.049
6061,53.300808,-6.188686,676.06,DCC_2024_2025,59.4,0,15,0.049
6063,53.288898,-6.198275,545.65,DCC_2024_2025,57.4,1,54,0.049
6064,53.271981,-6.152445,380.3,DCC_2024_2025,39.3,0,19,0.049
6065,53.273125,-6.19847,1217.27,DCC_2024_2025,51.6,1,32,0.049
6066,53.273057,-6.200947,2376.21,DCC_2024_2025,120.3,4,34,0.049
6067,53.260805,-6.205541,552.38,DCC_2024_2025,62.0,0,24,0.049
6068,53.258494,-6.199057,700.12,DCC_2024_2025,72.4,0,11,0.049
6069,53.257715,-6.196984,641.88,DCC_2024_2025,76.3,0,11,0.049
6070,53.256154,-6.189979,568.27,DCC_2024_2025,36.2,0,11,0.049
6071,53.281181,-6.155634,0.0,DCC_2024_2025,51.6,0,21,0.049
6072,53.255178,-6.18521,562.53,DCC_2024_2025,124.1,2,18,0.049
6073,53.300902,-6.176984,1721.07,DCC_2024_2025,40.6,1,43,0.049
6074,53.293723,-6.248411,877.32,DCC_2024_2025,72.6,1,39,0.049
6075,53.293257,-6.246017,1023.92,DCC_2024_2025,30.4,2,47,0.049
6076,53.292291,-6.246505,762.8,DCC_2024_2025,85.5,2,65,0.049
6077,53.249243,-6.134648,1090.35,DCC_2024_2025,157.6,1,45,0.049
6082,53.277668,-6.230731,915.37,DCC_2024_2025,117.7,0,12,0.049
6083,53.29372,-6.27569,373.67,DCC_2024_2025,47.4,0,16,0.049
6084,53.265263,-6.229214,1304.04,DCC_2024_2025,81.0,0,18,0.049
6085,53.286675,-6.225912,1380.13,DCC_2024_2025,68.9,0,32,0.049
6086,53.288838,-6.226264,899.67,DCC_2024_2025,145.8,0,34,0.049
6087,53.272054,-6.203906,1630.35,DCC_2024_2025,42.0,3,28,0.049
6088,53.292759,-6.229445,1938.88,DCC_2024_2025,81.0,0,44,0.049
6089,53.274114,-6.243506,1044.8,DCC_2024_2025,83.6,0,34,0.049
6092,53.302759,-6.233434,833.49,DCC_2024_2025,11.5,0,14,0.049
6093,53.305566,-6.236784,989.79,DCC_2024_2025,40.6,0,26,0.049
6094,53.307683,-6.236859,993.94,DCC_2024_2025,61.1,0,24,0.049
6095,53.282535,-6.224805,730.95,DCC_2024_2025,126.8,0,19,0.049
6096,53.280343,-6.214346,523.6,DCC_2024_2025,76.2,1,57,0.049
6100,53.287915,-6.138494,204.53,DCC_2024_2025,89.2,0,6,0.049
6101,53.26319,-6.148383,1092.99,DCC_2024_2025,109.7,1,32,0.049
6102,53.289307,-6.180824,866.56,DCC_2024_2025,8.5,0,28,0.049
6103,53.28915,-6.174804,1026.29,DCC_2024_2025,61.3,0,31,0.049
6104,53.286153,-6.167486,963.87,DCC_2024_2025,17.9,1,33,0.049
6105,53.28781,-6.171259,465.56,DCC_2024_2025,81.3,0,29,0.049
6106,53.289353,-6.176755,246.8,DCC_2024_2025,44.6,0,30,0.049
6109,53.264716,-6.133623,2376.65,DCC_2024_2025,75.3,0,30,0.049
6110,53.285792,-6.123908,539.97,DCC_2024_2025,72.6,0,25,0.049
6111,53.285103,-6.118942,339.26,DCC_2024_2025,127.8,0,20,0.049
6116,53.272805,-6.243797,411.29,DCC_2024_2025,145.0,0,31,0.049
6119,53.274337,-6.255525,705.8,DCC_2024_2025,100.8,1,19,0.049
6121,53.278121,-6.244692,321.39,DCC_2024_2025,102.6,0,30,0.049
6126,53.262765,-6.211763,638.35,DCC_2024_2025,82.0,0,26,0.049
6128,53.287624,-6.25648,605.41,DCC_2024_2025,113.8,0,4,0.049
6130,53.301755,-6.177937,176.6,DCC_2024_2025,52.7,1,43,0.049
6135,53.277874,-6.206586,689.96,DCC_2024_2025,115.8,1,65,0.049
6138,53.303823,-6.198792,488.95,DCC_2024_2025,76.4,0,3,0.049
6141,53.302538,-6.267271,756.94,DCC_2024_2025,21.6,0,19,0.049
6144,53.245551,-6.134821,1668.42,DCC_2024_2025,110.9,1,34,0.049
6146,53.279228,-6.197821,719.05,DCC_2024_2025,87.8,1,8,0.049
6147,53.274663,-6.199648,690.74,DCC_2024_2025,48.0,2,43,0.049
6148,53.258,-6.170409,1579.44,DCC_2024_2025,101.2,0,30,0.049
6151,53.275685,-6.208675,603.17,DCC_2024_2025,97.1,1,70,0.049
6154,53.297384,-6.180605,2339.28,DCC_2024_2025,61.6,0,32,0.049
6158,53.279356,-6.135693,628.69,DCC_2024_2025,92.4,2,33,0.049
6160,53.294979,-6.254928,1103.77,DCC_2024_2025,112.3,0,28,0.049
6161,53.299187,-6.253649,541.72,DCC_2024_2025,266.2,0,18,0.049
6162,53.294208,-6.250604,261.17,DCC_2024_2025,58.6,0,50,0.049
6163,53.263776,-6.136197,0.0,DCC_2024_2025,84.1,0,29,0.049
6167,53.312099,-6.238765,323.14,DCC_2024_2025,112.4,0,27,0.049
6172,53.290984,-6.166624,477.71,DCC_2024_2025,85.4,0,23,0.049
6175,53.235503,-6.126239,751.45,DCC_2024_2025,11.1,1,34,0.049
6179,53.289107,-6.243377,221.33,DCC_2024_2025,76.8,4,72,0.049
6180,53.305432,-6.245619,766.47,DCC_2024_2025,58.2,0,15,0.049
6183,53.290704,-6.245177,239.29,DCC_2024_2025,64.1,2,69,0.049
6187,53.2629,-6.227561,574.36,DCC_2024_2025,70.7,0,17,0.049
6188,53.235126,-6.192342,419.81,DCC_2024_2025,46.5,0,20,0.049
6189,53.252996,-6.214312,903.32,DCC_2024_2025,47.9,0,15,0.049
6190,53.294912,-6.142663,519.07,DCC_2024_2025,77.9,2,24,0.049
6191,53.289313,-6.129567,622.01,DCC_2024_2025,70.6,1,22,0.049
6192,53.29234,-6.135919,405.77,DCC_2024_2025,53.0,3,30,0.049
6194,53.287194,-6.123498,349.06,DCC_2024_2025,52.3,0,26,0.049
6195,53.286514,-6.131576,1938.44,DCC_2024_2025,35.0,0,16,0.049
6202,53.298773,-6.233715,913.59,DCC_2024_2025,127.2,0,6,0.049
6203,53.30021,-6.233276,279.64,DCC_2024_2025,36.2,0,7,0.049
6205,53.27667,-6.265001,1443.53,DCC_2024_2025,73.4,1,33,0.049
6207,53.27927,-6.26971,719.69,DCC_2024_2025,51.9,1,23,0.049
6208,53.271755,-6.249152,588.13,DCC_2024_2025,39.4,1,37,0.049
6209,53.269493,-6.262355,971.91,DCC_2024_2025,44.2,0,5,0.049
6210,53.267324,-6.148131,750.28,DCC_2024_2025,63.0,0,25,0.049
6211,53.264565,-6.148085,747.86,DCC_2024_2025,121.2,0,33,0.049
6215,53.289017,-6.222696,269.68,DCC_2024_2025,117.0,0,28,0.049
6216,53.288519,-6.204163,531.35,DCC_2024_2025,110.7,1,65,0.049
6219,53.289098,-6.207821,1311.15,DCC_2024_2025,147.5,0,54,0.049
6220,53.289528,-6.234675,975.32,DCC_2024_2025,29.2,1,46,0.049
6221,53.288271,-6.207572,0.0,DCC_2024_2025,76.4,0,66,0.049
6222,53.289558,-6.23929,200.91,DCC_2024_2025,24.6,5,67,0.049
6225,53.274408,-6.193026,1560.04,DCC_2024_2025,159.3,0,16,0.049
6226,53.271855,-6.205364,1656.25,DCC_2024_2025,76.3,3,39,0.049
6229,53.294496,-6.133868,453.09,DCC_2024_2025,116.0,3,28,0.049
6235,53.293788,-6.154621,672.72,DCC_2024_2025,90.1,0,11,0.049
6240,53.268046,-6.220112,1054.16,DCC_2024_2025,67.4,0,48,0.049
6241,53.287278,-6.176072,1096.85,DCC_2024_2025,30.2,0,29,0.049
6242,53.288029,-6.180689,231.49,DCC_2024_2025,140.6,0,27,0.049
6244,53.289372,-6.125491,43.22,DCC_2024_2025,163.4,1,25,0.049
6245,53.287845,-6.122731,64.36,DCC_2024_2025,140.4,0,25,0.049
6247,53.292839,-6.273191,1273.05,DCC_2024_2025,73.8,0,7,0.049
6257,53.291182,-6.128521,424.1,DCC_2024_2025,143.4,1,23,0.049
6258,53.2926,-6.129968,97.84,DCC_2024_2025,96.7,2,30,0.049
6260,53.270628,-6.1431,1638.21,DCC_2024_2025,64.7,0,12,0.049
6267,53.277424,-6.141212,589.57,DCC_2024_2025,82.1,2,27,0.049
6268,53.294581,-6.151521,151.77,DCC_2024_2025,144.2,0,11,0.049
6270,53.285942,-6.115525,276.49,DCC_2024_2025,140.7,0,21,0.049
6272,53.271288,-6.228475,1071.77,DCC_2024_2025,111.5,0,24,0.049
6277,53.297143,-6.160173,166.87,DCC_2024_2025,27.7,0,2,0.049
6278,53.298399,-6.165274,182.86,DCC_2024_2025,151.9,0,22,0.049
6279,53.234402,-6.123215,465.97,DCC_2024_2025,53.2,2,32,0.049
6280,53.242202,-6.121509,443.91,DCC_2024_2025,91.9,0,22,0.049
6284,53.309064,-6.218379,447.14,DCC_2024_2025,147.0,0,12,0.049
6288,53.291455,-6.241002,432.8,DCC_2024_2025,88.7,2,74,0.049
6289,53.291434,-6.233571,669.76,DCC_2024_2025,102.9,1,42,0.049
6291,53.287566,-6.137246,820.01,DCC_2024_2025,166.0,0,7,0.049
6293,53.267074,-6.184115,366.56,DCC_2024_2025,54.0,0,3,0.049
6297,53.286248,-6.237332,610.47,DCC_2024_2025,38.7,3,48,0.049
6299,53.289382,-6.236199,919.19,DCC_2024_2025,80.4,3,42,0.049
6300,53.264869,-6.210815,669.17,DCC_2024_2025,136.0,0,27,0.049
6301,53.251056,-6.156196,26.67,DCC_2024_2025,53.7,0,15,0.049
6306,53.295352,-6.25702,1247.14,DCC_2024_2025,88.2,0,25,0.049
6309,53.283491,-6.146155,809.69,DCC_2024_2025,53.2,1,39,0.049
6310,53.283172,-6.146855,625.92,DCC_2024_2025,60.7,1,37,0.049
6312,53.262593,-6.210321,855.71,DCC_2024_2025,97.4,0,27,0.049
6313,53.26972,-6.21175,1087.24,DCC_2024_2025,136.9,2,15,0.049
6314,53.265981,-6.210502,254.39,DCC_2024_2025,25.3,0,30,0.049
6315,53.271009,-6.211075,1938.84,DCC_2024_2025,42.1,2,15,0.049
6319,53.288248,-6.242196,199.06,DCC_2024_2025,56.5,5,78,0.049
6344,53.274471,-6.149023,246.63,DCC_2024_2025,188.0,0,24,0.049
6345,53.303544,-6.270968,748.3,DCC_2024_2025,193.1,0,19,0.049
6350,53.239403,-6.196347,593.41,DCC_2024_2025,97.1,0,9,0.049
6352,53.282388,-6.142342,2140.8,DCC_2024_2025,159.4,1,48,0.049
6360,53.244677,-6.141962,1464.73,DCC_2024_2025,76.4,0,57,0.049
6361,53.24633,-6.144692,541.67,DCC_2024_2025,82.6,0,53,0.049
6362,53.252455,-6.158422,11.14,DCC_2024_2025,232.7,0,15,0.049
6363,53.251235,-6.162907,37.54,DCC_2024_2025,132.3,1,10,0.049
6364,53.244144,-6.151818,62.47,DCC_2024_2025,157.2,0,32,0.049
6365,53.244232,-6.155045,124.77,DCC_2024_2025,43.1,0,17,0.049
6366,53.243402,-6.153802,159.46,DCC_2024_2025,140.7,0,18,0.049
6367,53.24504,-6.14911,267.39,DCC_2024_2025,133.8,0,56,0.049
6368,53.24426,-6.14845,527.49,DCC_2024_2025,100.2,0,60,0.049
6370,53.287198,-6.265665,180.55,DCC_2024_2025,66.8,0,15,0.049
6371,53.271892,-6.254048,198.99,DCC_2024_2025,40.6,1,11,0.049
6372,53.294746,-6.153656,117.18,DCC_2024_2025,43.2,0,11,0.049
6373,53.257436,-6.221447,222.08,DCC_2024_2025,103.6,0,11,0.049
6374,53.209599,-6.111462,77.67,DCC_2024_2025,82.2,0,24,0.049
6375,53.288878,-6.205605,323.26,DCC_2024_2025,43.2,1,63,0.049
6376,53.243841,-6.140956,503.35,DCC_2024_2025,43.0,0,55,0.049
6377,53.243187,-6.14031,122.15,DCC_2024_2025,61.3,0,48,0.049
6378,53.22621,-6.125126,236.53,DCC_2024_2025,86.7,0,10,0.049
6379,53.24504,-6.14911,71.03,DCC_2024_2025,133.8,0,56,0.049
6380,53.24923,-6.15107,45.28,DCC_2024_2025,33.0,0,20,0.049
6381,53.24796,-6.14806,148.09,DCC_2024_2025,122.6,0,35,0.049
6382,53.25463,-6.18314,1658.25,DCC_2024_2025,206.2,2,32,0.049
6383,53.24786,-6.1232,1074.72,DCC_2024_2025,36.8,0,30,0.049
6384,53.28759,-6.23748,138.94,DCC_2024_2025,101.7,3,61,0.049
6385,53.260762,-6.226525,506.88,DCC_2024_2025,114.9,0,9,0.049
6386,53.303842,-6.208476,2150.03,DCC_2024_2025,53.9,1,27,0.049
6387,53.267023,-6.20981,621.02,DCC_2024_2025,94.9,1,30,0.049
6388,53.275429,-6.150628,277.17,DCC_2024_2025,109.0,1,23,0.049
6389,53.294634,-6.180239,253.38,DCC_2024_2025,101.8,0,11,0.049
6390,53.278377,-6.222826,352.21,DCC_2024_2025,90.9,0,51,0.049
6391,53.294946,-6.133711,108.61,DCC_2024_2025,153.4,3,28,0.049
6392,53.25463,-6.18314,940.49,DCC_2024_2025,206.2,2,32,0.049
6394,53.296163,-6.141145,831.21,DCC_2024_2025,44.3,3,22,0.049
6395,53.24426,-6.14845,103.65,DCC_2024_2025,100.2,0,60,0.049
6396,53.24786,-6.1232,265.27,DCC_2024_2025,36.8,0,30,0.049
6398,53.28759,-6.23748,286.72,DCC_2024_2025,101.7,3,61,0.049
6400,53.26834,-6.21058,604.99,DCC_2024_2025,95.3,2,18,0.049
6401,53.21839,-6.11979,925.28,DCC_2024_2025,75.8,0,13,0.049
6402,53.2886,-6.21852,265.09,DCC_2024_2025,135.5,0,12,0.049
6404,53.285,-6.1774,331.24,DCC_2024_2025,90.0,0,22,0.049
6406,53.2687,-6.14609,290.96,DCC_2024_2025,113.5,0,25,0.049
6080,53.282779,-6.233981,0.0,DLR_2023,96.8,0,26,0.049
N01111A,53.293594,-6.356151,485.88,SDCC_2024,40.9,0,6,0.049
N01111C,53.293594,-6.356151,209.71,SDCC_2024,40.9,0,6,0.049
N01111D,53.293594,-6.356151,86.28,SDCC_2024,40.9,0,6,0.049
N01111M,53.293594,-6.356151,101.45,SDCC_2024,40.9,0,6,0.049
N01111N,53.293594,-6.356151,0.0,SDCC_2024,40.9,0,6,0.049
N01111R,53.293594,-6.356151,82.3,SDCC_2024,40.9,0,6,0.049
N01111Z,53.293594,-6.356151,0.0,SDCC_2024,40.9,0,6,0.049
N01121E,53.298306,-6.354352,329.72,SDCC_2024,124.2,0,14,0.049
N01121G,53.298306,-6.354352,192.8,SDCC_2024,124.2,0,14,0.049
N01121H,53.298306,-6.354352,171.03,SDCC_2024,124.2,0,14,0.049
N01121J,53.298306,-6.354352,193.59,SDCC_2024,124.2,0,14,0.049
N01121S,53.298306,-6.354352,0.0,SDCC_2024,124.2,0,14,0.049
N01121V,53.298306,-6.354352,150.7,SDCC_2024,124.2,0,14,0.049
N01121Y,53.298306,-6.354352,0.15,SDCC_2024,124.2,0,14,0.049
N01121Z,53.298306,-6.354352,0.0,SDCC_2024,124.2,0,14,0.049
N01131A,53.301229,-6.352204,277.66,SDCC_2024,157.1,0,21,0.049
N01131B,53.301229,-6.352204,103.13,SDCC_2024,157.1,0,21,0.049
N01131C,53.301229,-6.352204,314.86,SDCC_2024,157.1,0,21,0.049
N01131F,53.301229,-6.352204,183.79,SDCC_2024,157.1,0,21,0.049
N01131P,53.301229,-6.352204,75.1,SDCC_2024,157.1,0,21,0.049
N01131Q,53.301229,-6.352204,0.0,SDCC_2024,157.1,0,21,0.049
N01131Z,53.301229,-6.352204,0.0,SDCC_2024,157.1,0,21,0.049
N01141G,53.303248,-6.352882,302.9,SDCC_2024,77.7,0,21,0.049
N01151A,53.294524,-6.355703,167.43,SDCC_2024,71.2,0,7,0.049
N01151B,53.294524,-6.355703,41.43,SDCC_2024,71.2,0,7,0.049
N01151C,53.294524,-6.355703,241.46,SDCC_2024,71.2,0,7,0.049
N01151D,53.294524,-6.355703,9.56,SDCC_2024,71.2,0,7,0.049
N01151I,53.294524,-6.355703,0.0,SDCC_2024,71.2,0,7,0.049
N01151J,53.294524,-6.355703,52.47,SDCC_2024,71.2,0,7,0.049
N01151K,53.294524,-6.355703,0.0,SDCC_2024,71.2,0,7,0.049
N01151L,53.294524,-6.355703,13.29,SDCC_2024,71.2,0,7,0.049
N01151Z,53.294524,-6.355703,0.0,SDCC_2024,71.2,0,7,0.049
N02111A,53.274696,-6.352953,342.97,SDCC_2024,88.8,0,31,0.049
N02111B,53.274696,-6.352953,122.36,SDCC_2024,88.8,0,31,0.049
N02111C,53.274696,-6.352953,293.22,SDCC_2024,88.8,0,31,0.049
N02111D,53.274696,-6.352953,130.97,SDCC_2024,88.8,0,31,0.049
N02111K,53.274696,-6.352953,58.76,SDCC_2024,88.8,0,31,0.049
N02111M,53.274696,-6.352953,104.46,SDCC_2024,88.8,0,31,0.049
N02111N,53.274696,-6.352953,0.0,SDCC_2024,88.8,0,31,0.049
N02111P,53.274696,-6.352953,0.0,SDCC_2024,88.8,0,31,0.049
N02111Q,53.274696,-6.352953,0.0,SDCC_2024,88.8,0,31,0.049
N02111R,53.274696,-6.352953,0.0,SDCC_2024,88.8,0,31,0.049
N02111Z,53.274696,-6.352953,0.0,SDCC_2024,88.8,0,31,0.049
N02121E,53.276824,-6.357394,342.34,SDCC_2024,57.3,0,28,0.049
N02121G,53.276824,-6.357394,432.97,SDCC_2024,57.3,0,28,0.049
N02121H,53.276824,-6.357394,145.48,SDCC_2024,57.3,0,28,0.049
N02121S,53.276824,-6.357394,0.0,SDCC_2024,57.3,0,28,0.049
N02131A,53.276824,-6.357394,257.96,SDCC_2024,57.3,0,28,0.049
N02131C,53.276824,-6.357394,298.37,SDCC_2024,57.3,0,28,0.049
N02131D,53.276824,-6.357394,185.34,SDCC_2024,57.3,0,28,0.049
N02131L,53.276824,-6.357394,0.0,SDCC_2024,57.3,0,28,0.049
N02131N,53.276824,-6.357394,0.0,SDCC_2024,57.3,0,28,0.049
N03111B,53.359566,-6.425738,20.75,SDCC_2024,109.0,0,24,0.049
N03111C,53.359566,-6.425738,528.86,SDCC_2024,109.0,0,24,0.049
N03111D,53.359566,-6.425738,345.07,SDCC_2024,109.0,0,24,0.049
N03111J,53.359566,-6.425738,0.0,SDCC_2024,109.0,0,24,0.049
N03111K,53.359566,-6.425738,0.0,SDCC_2024,109.0,0,24,0.049
N03111L,53.359566,-6.425738,281.67,SDCC_2024,109.0,0,24,0.049
N03111M,53.359566,-6.425738,0.0,SDCC_2024,109.0,0,24,0.049
N03121A,53.357202,-6.424314,246.82,SDCC_2024,170.7,0,31,0.049
N03121D,53.357202,-6.424314,88.63,SDCC_2024,170.7,0,31,0.049
N03121F,53.357202,-6.424314,302.32,SDCC_2024,170.7,0,31,0.049
N03121G,53.357202,-6.424314,396.16,SDCC_2024,170.7,0,31,0.049
N03121P,53.357202,-6.424314,0.0,SDCC_2024,170.7,0,31,0.049
N03131A,53.355885,-6.422586,523.45,SDCC_2024,58.1,0,34,0.049
